,overall_qual,1st_flr_sf,2nd_flr_sf,total_bsmt_sf,gr_liv_area,garage_area,garage_cars,year_built,year_remod/add,full_bath,lot_area
0,6,908,1020,1020,1928,440,1,1910,1950,2,9142
1,5,1967,0,1967,1967,580,2,1977,1977,2,9662
2,7,664,832,654,1496,426,2,2006,2006,2,17104
3,5,968,0,968,968,480,2,1923,2006,1,8520
4,6,1394,0,1394,1394,514,2,1963,1963,1,9500
5,4,546,546,546,1092,286,1,1972,1972,1,1890
6,4,1093,0,869,1093,308,1,1958,2006,1,8516
7,5,1268,0,1268,1268,252,1,1977,1989,1,9286
8,7,840,840,840,1680,588,2,2004,2004,2,3515
9,6,1279,0,1196,1279,473,2,1977,1977,2,10125
10,6,1217,0,1217,1217,484,2,1991,1991,2,7175
11,6,1040,0,1040,1040,320,2,1925,1992,1,7200
12,6,1375,0,1367,1375,451,2,1954,1954,1,11310
13,7,1168,1619,1168,2787,820,4,2000,2000,4,7976
14,6,1017,810,848,1827,240,1,1924,1996,1,11737
15,5,1340,0,0,1340,252,1,1957,2006,1,9060
16,6,884,552,884,1436,828,2,1940,1950,2,10800
17,5,1073,0,1073,1073,340,1,1956,1956,1,9571
18,6,1773,0,1313,1773,418,2,1961,1992,2,10800
19,8,916,826,916,1742,424,2,1882,1986,1,17671
20,5,1060,0,1060,1060,270,1,1968,2001,1,8246
21,5,864,0,864,864,732,2,1961,1961,1,8499
22,6,1617,0,1604,1617,533,2,1993,1994,2,8012
23,6,988,0,938,988,540,2,1969,1969,1,21453
24,7,1218,0,1218,1218,576,2,2007,2007,1,9605
25,5,864,0,864,864,352,1,1972,1972,1,7180
26,4,1281,457,715,1738,368,1,1920,2007,2,12513
27,5,1089,661,636,1750,240,1,1880,1991,1,9000
28,6,1054,0,936,1054,480,2,1963,1963,1,8800
29,3,442,228,370,670,0,0,1945,1950,1,3500
30,4,858,0,858,858,684,1,1971,1971,1,7340
31,4,848,0,780,1208,539,2,1925,1950,1,6240
32,7,1320,1320,1240,2640,864,4,1880,2003,1,11700
33,5,1178,0,1176,1178,439,2,1973,2000,1,10000
34,7,1492,0,1492,1492,608,2,2001,2001,2,11166
35,7,608,850,608,1458,454,2,2006,2007,2,13204
36,4,1147,510,1147,1657,162,1,1920,1980,1,5520
37,4,998,0,0,998,460,2,1945,1950,1,9000
38,5,910,0,105,910,414,2,1953,1996,1,8892
39,7,1358,0,1339,1358,625,2,1999,2000,2,7321
40,6,612,612,612,1224,528,2,2009,2009,2,3951
41,7,956,930,930,1886,431,2,1998,1999,2,11214
42,5,1327,0,1063,1327,624,2,1959,2002,1,7388
43,5,1363,0,1008,1363,288,1,1951,2000,1,14559
44,7,1501,0,1501,1501,512,2,1987,1987,2,4054
45,4,798,546,546,1344,0,0,1970,2008,1,1533
46,7,920,866,920,1786,608,2,2001,2002,2,11250
47,5,965,0,828,965,300,1,1965,1965,1,7800
48,5,936,0,936,936,308,1,1956,2000,1,5868
49,5,1040,0,1040,1040,308,1,1963,1963,1,7500
50,5,912,336,912,1248,160,1,1930,1950,1,9439
51,8,1157,1111,346,2268,624,2,1890,2002,3,9000
52,8,1615,0,1615,1615,864,3,2007,2007,2,9345
53,5,803,557,803,1360,297,1,1938,1995,1,7200
54,5,822,320,468,1142,320,1,1924,1950,1,6000
55,6,1026,0,1026,1026,440,2,1969,2005,1,7930
56,7,1133,687,1026,1820,240,1,1925,1950,2,9120
57,5,1344,0,1024,1344,484,1,1958,1983,1,9503
58,7,1193,0,1176,1193,506,2,1975,1975,2,11050
59,7,992,873,992,1865,839,3,2000,2000,2,10316
60,8,2006,0,1982,2006,938,3,1998,1998,2,11675
61,5,1140,0,1300,1140,400,2,1920,1950,1,12900
62,5,1176,0,1158,1176,303,1,1958,1998,1,13770
63,7,845,825,825,1670,464,2,1971,1971,1,13355
64,6,810,793,761,1603,484,2,1992,1992,2,7153
65,8,2063,0,2024,2063,815,3,1994,1995,2,10750
66,4,858,0,858,858,0,0,1971,1971,1,8125
67,6,1302,0,1302,1302,631,2,2005,2006,1,3903
68,3,774,0,544,774,0,0,1931,2006,1,4270
69,6,848,0,848,848,420,2,2004,2004,1,4426
70,4,747,0,600,747,528,2,1926,1953,1,5825
71,8,1508,1012,1508,2520,640,3,2007,2007,2,23303
72,6,1560,0,1560,1560,580,2,1960,1960,1,25485
73,7,802,670,384,1472,402,2,1991,1992,2,10784
74,5,1050,0,1043,1050,336,1,1971,1971,1,8510
75,6,1724,0,1680,1724,480,2,1967,1976,1,17871
76,5,1771,0,0,1771,336,2,1960,2006,1,21750
77,6,1207,0,1135,1207,264,1,1962,1985,1,9510
78,5,882,0,0,882,294,1,1959,1959,1,8339
79,9,1780,0,1780,1780,816,3,2004,2005,2,14828
80,7,1459,0,1459,1459,527,2,2002,2002,2,8749
81,6,727,380,629,1107,625,1,1921,1975,1,9140
82,5,687,671,687,1358,336,1,1930,2005,1,3600
83,4,760,676,676,1436,528,2,1910,2000,2,8777
84,6,616,1072,616,1688,603,2,1997,1997,2,12798
85,8,2042,0,2042,2042,1390,3,2008,2009,2,12704
86,5,876,0,876,876,484,2,1972,1972,1,7480
87,6,1320,0,1232,1320,495,2,1971,1971,2,16500
88,8,1707,0,1686,1707,511,2,1981,1981,2,16669
89,6,1064,0,864,1495,576,2,1948,1994,1,8064
90,5,999,0,999,999,264,1,1962,2001,1,7758
91,4,796,550,560,1346,384,1,1910,2000,1,11767
92,6,827,424,827,1251,240,1,1938,2000,1,6900
93,8,1228,0,1228,1228,472,2,1988,1989,2,4671
94,5,728,546,728,1274,224,1,1939,1998,2,6125
95,6,914,728,728,1642,374,1,1927,1950,1,9863
96,5,1509,0,1509,1509,322,1,1956,1956,1,9571
97,8,1554,0,1554,1554,627,2,2006,2006,2,4590
98,6,827,850,827,1677,627,2,2001,2001,2,8450
99,8,810,855,810,1665,528,2,2001,2001,2,8400
100,8,1694,0,1694,1694,642,2,1977,2008,2,14694
101,6,1790,0,998,1790,540,2,1957,1957,2,14250
102,5,923,0,876,923,264,1,1984,1985,1,6951
103,10,2470,0,2535,2470,789,3,2003,2003,1,12720
104,6,1244,0,1244,1244,336,1,1957,1957,1,11988
105,5,866,0,686,866,0,0,1945,1997,1,3880
106,6,697,804,697,1501,420,2,1993,1994,2,7685
107,6,1287,604,1224,1891,678,2,1978,1978,3,18837
108,6,1921,0,1921,1921,576,2,1964,1964,2,11136
109,4,1832,0,1832,1832,0,0,1967,1967,2,10773
110,6,1434,0,1434,1434,528,2,1974,1974,2,10200
111,8,1058,816,1058,1874,588,2,2000,2001,2,7500
112,4,1382,0,0,1382,384,1,1949,2002,2,11800
113,5,1140,0,1140,1140,0,0,2006,2006,1,17217
114,7,1494,0,1482,1494,514,2,1998,1998,2,16196
115,10,1831,1796,1930,3627,807,3,1995,1996,3,35760
116,5,1032,780,360,1812,672,2,1900,1996,2,7630
117,5,630,672,630,1302,440,2,1970,1970,2,2016
118,9,1720,0,1720,1720,846,3,2008,2008,2,10816
119,6,926,678,926,1604,470,2,1998,1998,2,9978
120,10,1966,0,1966,1966,1092,3,2007,2007,2,12291
121,8,1120,850,1085,1970,753,3,2006,2006,2,11065
122,9,1714,0,1714,1714,517,2,2005,2005,2,8147
123,6,794,676,794,1470,388,2,1997,1997,2,13869
124,4,954,795,795,2230,440,1,1912,1950,1,6204
125,9,1414,917,1414,2331,1003,3,2005,2005,2,12151
126,5,864,0,864,864,288,1,1972,1972,1,9560
127,5,1008,0,1008,1008,240,1,1953,2006,1,8923
128,5,565,651,565,1216,355,1,1920,1997,1,5520
129,9,1530,0,1530,1530,984,3,2007,2008,2,12606
130,5,1025,0,1015,1025,370,2,1976,1976,2,8660
131,6,943,695,943,1638,472,2,1998,1998,2,9042
132,5,720,720,720,1440,480,2,1968,1968,1,11227
133,6,1128,0,1080,1128,315,1,1966,2008,1,11380
134,6,757,792,744,1549,440,2,1999,1999,2,2280
135,7,1225,908,1528,2133,312,1,1941,1985,1,10452
136,7,1369,0,1369,1369,605,2,2007,2007,2,9910
137,7,1114,0,1114,1114,576,2,2004,2005,1,13072
138,6,1302,0,1302,1302,631,2,2005,2006,1,3901
139,5,816,0,816,816,264,1,1983,1983,1,11625
140,6,1381,0,1161,1381,676,2,1972,2006,1,9360
141,5,1078,0,1078,1078,240,1,1950,1996,1,9717
142,6,756,713,756,1469,216,1,1906,1995,1,10320
143,6,1474,0,1632,1474,495,2,1952,1952,1,31220
144,5,929,208,0,1137,0,0,1947,1993,1,8050
145,5,960,1000,960,1960,400,2,1952,1952,2,7596
146,6,1048,720,1048,1768,576,2,1915,1950,2,8094
147,6,689,703,689,1392,299,1,1977,1977,1,10900
148,4,432,432,592,864,216,1,1920,1950,1,9000
149,7,1740,0,1740,1740,540,2,1981,1981,1,15417
150,7,860,860,860,1720,565,2,2004,2004,2,11645
151,6,988,638,988,1626,332,1,1954,1954,1,10512
152,6,1088,110,901,1198,0,0,1920,1998,1,5586
153,5,900,0,864,900,288,1,1967,1967,1,7838
154,5,792,0,768,792,240,1,1924,2006,1,9022
155,5,1098,0,1098,1098,260,1,1955,1955,1,7390
156,4,546,546,546,1092,0,0,1970,1970,1,1900
157,6,936,0,936,936,315,1,1957,1999,1,8760
158,7,912,1215,1104,2127,833,3,1991,1991,2,13125
159,8,1055,1208,1055,2263,905,2,2001,2002,2,9240
160,6,1493,0,1478,1493,508,2,1997,1998,2,13125
161,5,768,432,768,1200,240,1,1946,1995,1,11767
162,5,1056,0,1056,1056,260,1,1954,2005,1,9250
163,10,2674,0,2630,2674,762,3,2007,2007,2,13693
164,9,1456,0,1451,1456,539,2,2008,2008,2,6472
165,8,1563,0,1563,1563,758,3,2007,2007,2,10206
166,6,1114,0,1114,1114,576,2,2003,2004,1,13695
167,7,1145,0,1145,1145,437,2,2006,2006,2,3203
168,7,960,1358,960,2318,541,2,2005,2006,2,9512
169,7,1445,0,1445,1445,470,2,2004,2004,2,9750
170,10,2411,2065,2396,4476,813,3,1996,1996,3,15623
171,5,990,0,990,990,480,2,1994,1995,1,8072
172,5,1560,0,1776,1560,528,2,1962,1962,2,11679
173,7,520,623,600,1223,480,2,2005,2005,2,2544
174,7,1086,809,712,1895,409,2,1994,1996,2,10832
175,6,1085,649,912,1734,440,2,1962,1981,1,9786
176,5,691,0,691,691,216,1,1920,1950,1,5400
177,5,1949,0,1949,1949,586,2,1977,1977,2,8235
178,4,546,546,546,1092,286,1,1970,1970,1,1894
179,5,1242,0,1242,1242,324,1,1960,1960,1,7903
180,5,894,772,894,1666,0,0,1931,1950,1,9839
181,7,1098,880,832,1978,486,2,1968,1968,2,9900
182,7,1516,651,1192,2167,518,2,1974,2003,2,17542
183,7,738,754,738,1492,440,2,2006,2006,2,9073
184,6,1350,0,1064,1350,478,2,1974,1974,2,10140
185,6,698,560,560,1258,280,1,1939,1950,1,9060
186,7,806,683,782,1489,400,2,2003,2003,2,8965
187,7,1160,908,1108,2068,315,1,1922,2005,1,7793
188,5,980,0,980,980,400,2,1962,1962,1,9750
189,3,944,0,0,944,528,2,1952,1952,1,10206
190,7,832,832,832,1664,528,2,1976,1976,2,10140
191,5,945,0,945,945,253,1,1973,1973,1,2394
192,6,838,0,816,838,275,1,1918,2000,1,10267
193,5,864,0,864,864,276,1,1963,1963,1,6360
194,6,783,701,783,1484,393,2,2005,2007,2,10237
195,6,912,0,888,912,470,2,1978,1978,1,7540
196,8,955,919,955,1874,880,3,2007,2008,2,9428
197,5,992,473,992,1465,240,1,1939,1950,2,10164
198,5,1021,580,533,1601,300,1,1958,1987,1,13825
199,5,1145,0,301,1145,684,2,1956,1956,1,7700
200,8,1645,830,1629,2475,962,3,1998,1998,2,17433
201,7,1226,878,1226,2104,432,2,1910,2005,2,6300
202,6,934,0,912,934,336,1,1964,1964,1,10366
203,6,832,878,832,1710,506,2,1993,1993,2,9291
204,6,741,686,483,1427,379,1,1915,2002,1,5775
205,4,1040,0,0,1040,420,2,1950,1950,1,7200
206,6,855,601,855,1456,460,2,1976,1976,2,2179
207,6,621,648,621,1269,280,1,1962,2001,1,9360
208,8,1370,0,1370,1370,484,2,2006,2006,2,6442
209,6,894,1039,894,1933,668,3,2007,2007,2,14598
210,6,947,767,923,1714,451,2,1999,2000,2,8637
211,6,943,933,901,1876,540,2,1974,1974,2,9120
212,4,949,343,949,1292,205,1,1923,2008,1,5142
213,7,2036,0,2136,2036,513,2,1965,1965,2,215245
214,9,1557,0,1557,1557,484,2,1999,2000,2,4109
215,7,844,893,836,1737,506,2,1992,1992,2,8285
216,7,1830,0,1865,1830,521,2,1967,1967,1,20355
217,7,707,682,651,1389,240,1,1946,1992,1,3378
218,4,892,0,858,892,0,0,1923,1950,1,5160
219,5,1040,0,1040,1040,286,1,1959,2003,1,7500
220,7,713,739,691,1452,506,2,1999,1999,2,3735
221,6,1056,0,1056,1056,576,2,1980,1980,0,6979
222,6,983,813,780,1796,483,2,1963,1963,1,7056
223,6,684,876,684,1560,400,2,2005,2005,2,11911
224,6,856,0,856,856,399,2,1939,1950,1,7890
225,5,846,0,720,846,576,2,1920,1950,1,10800
226,8,1149,1141,1128,2290,779,2,2002,2002,2,11250
227,7,982,995,982,1977,574,3,2006,2006,2,9605
228,5,1273,0,1273,1273,307,1,1960,1960,1,14680
229,7,1277,1067,1264,2344,889,3,1996,1997,2,10208
230,5,1518,0,1580,1518,0,0,1940,2007,1,19550
231,4,630,0,630,630,0,0,1972,1972,1,1491
232,4,1157,687,709,1844,240,1,1900,1954,1,4800
233,4,768,0,768,768,355,1,1955,1955,1,8172
234,8,1360,1360,1360,3112,795,2,1918,1990,2,25419
235,6,691,807,691,1498,409,2,1995,1996,2,13031
236,5,844,0,844,844,216,1,1925,1950,1,5633
237,9,1794,978,1776,2772,754,3,2007,2007,3,14257
238,8,2097,0,2077,2097,1134,3,2005,2006,1,20896
239,7,1352,0,1352,1352,466,2,2006,2007,2,4230
240,8,1079,840,1079,1919,685,2,2006,2006,2,15611
241,6,1284,0,1284,1284,480,2,1984,1984,2,10960
242,8,1234,1140,1181,2374,656,3,2003,2004,2,11999
243,7,1164,1150,1150,2314,502,2,2003,2005,2,11060
244,9,2018,0,2002,2018,746,3,2008,2009,2,13214
245,8,1651,0,1643,1651,870,3,2007,2007,2,10235
246,6,882,0,882,882,502,1,1956,1956,1,13008
247,4,894,0,894,894,396,2,1960,1960,1,7436
248,6,1007,793,982,1800,463,2,2000,2000,2,8123
249,9,1869,0,1869,1869,617,2,2007,2007,2,7820
250,8,1625,0,1573,1625,495,2,2006,2007,2,5568
251,6,1192,403,940,1595,240,1,1940,2000,1,8400
252,8,1142,878,1128,2020,466,2,1995,1995,2,9828
253,7,912,1182,912,2094,615,2,2003,2004,2,9375
254,6,1412,0,1392,1412,576,2,1988,1988,2,11457
255,3,728,434,728,1162,258,1,1930,1950,1,6120
256,4,792,348,576,1140,0,0,1910,2004,1,8800
257,9,1848,880,1848,2728,706,3,2005,2006,2,20431
258,7,1079,800,1079,1879,473,2,1993,1994,2,10560
259,6,2279,0,585,2279,461,2,1958,1995,2,19958
260,7,744,630,384,1374,400,2,2004,2004,2,11084
261,6,768,768,768,1536,308,1,1952,1952,1,10266
262,6,672,546,672,1218,264,1,1973,1973,1,1890
263,6,1094,0,1094,1094,495,2,1953,1953,1,10452
264,7,887,1134,868,2021,422,2,2006,2006,2,23257
265,6,993,813,780,1806,483,2,1964,1964,1,7570
266,5,1314,0,1314,1314,294,1,1957,1957,1,8400
267,7,1006,769,740,1775,425,2,1993,1993,2,9317
268,6,1350,0,1248,1350,520,2,1964,1964,1,9020
269,6,1072,0,547,1072,525,2,2005,2006,1,3675
270,6,1260,1031,1214,2291,506,2,1910,1998,2,7200
271,7,778,798,770,1576,614,2,2006,2006,2,8125
272,7,998,764,596,1762,576,2,1920,1950,1,7200
273,8,1968,1479,728,3447,1014,3,1935,1997,3,14100
274,4,864,0,864,864,576,2,1970,1970,1,7038
275,5,1176,0,1176,1176,360,1,1969,1969,1,16133
276,6,848,0,848,848,420,2,2003,2003,1,4435
277,5,1432,0,1360,1432,588,2,1978,1978,1,16157
278,5,1048,0,0,1048,420,2,1950,1950,1,7200
279,5,1128,0,936,1128,286,1,1954,1954,1,9000
280,8,901,900,893,1801,800,3,2005,2005,2,10463
281,6,810,672,672,1482,400,1,1925,1950,2,12155
282,5,974,0,974,974,0,0,1991,1992,1,10712
283,5,709,308,346,1017,308,1,1900,2003,1,9143
284,6,869,349,735,1218,440,2,1941,1950,1,6000
285,7,979,871,973,1850,467,2,1994,1994,2,29959
286,6,1170,1175,952,2345,360,2,1932,1950,2,16560
287,6,483,504,483,987,264,1,1973,1973,1,1953
288,6,784,0,784,784,360,2,1928,1950,1,9000
289,5,1144,0,1144,1144,596,1,1956,1956,1,9571
290,5,888,0,920,888,240,1,1961,1961,1,8700
291,6,1286,368,0,1654,528,2,1977,1977,2,8927
292,4,546,546,546,1092,286,1,1976,1976,1,1890
293,5,925,0,0,925,300,1,1961,1961,1,7000
294,5,1437,0,1188,1437,576,2,1956,1987,1,14175
295,6,848,0,848,848,420,2,2004,2004,1,4426
296,7,784,812,784,1596,610,2,2005,2005,2,9316
297,7,1094,967,1070,2061,647,2,1995,1996,2,9085
298,8,1440,0,1432,1440,467,2,2003,2003,2,11202
299,6,819,784,784,1603,599,2,1923,1950,1,9650
300,6,979,979,979,1958,492,2,1946,1950,2,7136
301,9,1884,0,1884,1884,649,2,2008,2009,2,7390
302,5,980,0,980,980,484,2,1977,1977,1,7064
303,5,1226,676,1100,1902,576,2,1923,1950,2,6120
304,5,672,0,672,672,256,1,1940,1950,1,4800
305,5,1006,0,1006,1006,0,0,1959,1959,1,9000
306,5,1619,167,1499,1786,529,2,1965,1965,2,164660
307,7,1294,0,1286,1294,662,2,2006,2006,2,6762
308,5,1152,0,1152,1152,252,1,1978,1978,2,10547
309,5,1024,0,1024,1024,308,1,1965,1965,1,13052
310,5,1278,1037,1168,2315,342,1,1950,1963,2,15600
311,8,1338,0,1338,1338,582,2,2001,2001,2,4920
312,7,1578,0,1578,1578,642,3,2006,2006,2,13253
313,8,1052,1321,1052,2373,632,3,2004,2005,2,11631
314,4,862,1788,0,2650,0,0,1967,1967,3,7200
315,9,1856,0,1856,1856,834,3,2010,2010,1,11394
316,9,1940,0,1930,1940,606,3,2009,2010,2,10159
317,8,1682,0,1664,1682,528,2,1997,1997,1,6264
318,7,1005,1286,975,2291,429,2,1999,1999,2,8738
319,5,979,224,709,1203,352,1,1950,1950,1,7015
320,4,672,240,0,912,0,0,1947,1950,1,6240
321,5,961,406,861,1367,384,1,1900,1950,1,8405
322,5,1026,665,1026,1691,308,1,1924,1950,2,5000
323,8,1544,0,1544,1544,868,3,2009,2010,2,12883
324,5,894,0,894,894,600,2,1972,1972,1,7200
325,6,958,0,958,958,440,2,1976,1976,2,4928
326,5,1306,0,992,1306,756,1,1957,2000,1,8712
327,7,1142,0,1142,1142,440,2,2005,2006,2,3010
328,7,976,976,976,1952,299,1,1950,2005,1,9780
329,5,1024,704,704,1728,234,1,1949,1973,1,9462
330,5,1866,0,1866,1866,495,2,1958,1958,2,9482
331,6,851,858,836,1709,416,2,1991,1991,2,14067
332,5,928,992,928,1920,400,2,1948,1950,2,11345
333,8,1235,0,1235,1235,484,2,1980,1980,1,3760
334,5,759,0,451,759,576,2,1912,1991,1,10320
335,7,901,901,793,1802,216,1,1920,1950,1,7588
336,5,792,0,624,792,287,1,1923,1950,1,8520
337,4,1000,544,925,1544,0,0,1890,2006,2,14190
338,6,1082,0,1082,1082,240,1,1948,1950,1,11664
339,8,788,0,728,788,484,2,1980,1980,1,4420
340,5,1676,0,1160,1676,672,2,1977,1994,1,33983
341,5,801,646,801,1447,0,0,1910,1950,1,10134
342,5,1036,0,832,1268,288,1,1949,1950,1,12144
343,6,804,878,804,1682,523,2,1998,1998,2,8750
344,8,1402,823,1390,2225,713,3,1992,1993,2,11134
345,8,975,873,975,1848,592,2,2000,2000,2,7379
346,6,821,955,821,1776,443,2,1996,1996,2,9783
347,5,892,0,864,892,264,1,1966,1966,1,9477
348,7,788,702,788,1490,388,2,2004,2005,2,15384
349,5,1064,0,1064,1064,528,2,1967,1967,1,11327
350,7,978,886,1020,1864,0,0,1902,2000,2,5852
351,6,684,714,684,1398,440,2,1976,2001,1,7200
352,6,672,546,672,1218,264,1,1972,1972,1,1680
353,8,1660,0,1660,1660,500,2,2006,2006,2,10182
354,4,1350,0,967,1350,504,2,1954,1954,1,9375
355,7,1898,1080,710,2978,564,2,1967,2007,2,11275
356,6,780,741,741,1521,640,3,1910,2002,1,9720
357,7,1431,0,1431,1431,666,2,1999,1999,2,9017
358,8,1040,1012,1107,2052,642,3,2000,2001,2,10125
359,5,997,520,793,1517,0,0,1919,2005,2,8500
360,6,958,620,806,1578,240,1,1941,1950,1,9490
361,4,1608,0,1396,1608,444,1,1961,1961,1,27697
362,5,725,499,689,1224,180,1,1917,1950,1,10632
363,5,1776,0,1584,1776,888,3,1958,1958,2,11475
364,8,1234,0,1234,1234,484,2,2007,2007,2,11049
365,8,1625,0,1573,1625,538,2,2006,2007,2,4750
366,5,1572,0,1572,1572,995,3,1963,1963,1,35133
367,5,1647,0,1430,1647,621,2,1977,1977,2,12984
368,7,1072,942,912,2014,486,2,2003,2003,2,9157
369,3,1163,0,1162,1163,220,1,1955,2005,1,5820
370,6,1248,1296,1248,2544,907,3,1969,1969,2,9671
371,6,483,504,483,987,352,1,1972,1972,1,1890
372,6,1060,764,764,1824,520,2,1919,1950,1,13515
373,9,1540,1315,1540,2855,774,3,2000,2000,2,9233
374,6,913,0,814,913,240,1,1966,1966,1,8400
375,8,1776,0,1732,1776,712,3,2006,2007,2,15306
376,7,912,514,912,1426,216,1,1918,1998,1,7642
377,8,1646,0,1594,1646,482,2,2004,2005,2,3842
378,7,1314,0,1314,1314,626,2,2007,2008,2,5063
379,5,1049,0,1049,1049,266,1,1984,1984,2,4235
380,6,840,840,840,1680,308,1,1915,1976,2,15576
381,7,964,925,925,1889,308,1,1910,1950,1,10120
382,9,1808,0,1774,1808,850,3,2008,2008,2,13514
383,8,1148,1402,1108,2550,670,3,2006,2007,2,13440
384,7,933,975,915,1908,493,2,1994,1995,2,8750
385,6,1643,0,1182,1643,438,2,1966,1966,2,11500
386,5,1766,648,954,2414,520,2,1900,1970,2,10800
387,8,798,714,798,1512,180,1,1925,1997,2,7609
388,5,1188,0,1188,1188,312,1,1962,1962,1,26142
389,5,948,375,780,1323,400,2,1948,2005,1,9184
390,5,525,567,525,1092,320,1,1971,1971,1,1680
391,7,1726,0,1726,1726,786,3,2007,2007,2,9416
392,6,888,676,650,1564,476,2,1980,1981,2,8400
393,4,910,611,910,1521,597,1,1950,1950,1,12144
394,7,1226,0,1226,1226,740,3,2009,2009,2,10402
395,4,816,0,624,816,0,0,1910,1950,1,3300
396,6,1330,0,1330,1330,437,2,2006,2007,2,8334
397,6,802,709,802,1511,413,2,1997,1997,2,11207
398,5,858,0,858,858,576,2,1982,1982,1,7252
399,3,894,0,894,894,1248,3,1935,1950,1,18000
400,8,1080,672,559,1752,492,2,1988,2005,2,12134
401,7,1782,0,1782,1782,551,2,1979,1979,2,14450
402,5,820,523,731,1343,186,1,1921,1950,1,7681
403,8,1717,0,1709,1717,908,3,2006,2006,2,11146
404,5,1507,0,1075,1507,404,1,1960,1960,2,7910
405,5,1027,0,1027,1027,299,1,1962,1962,1,8000
406,5,936,744,856,1680,450,2,1910,1950,2,6048
407,7,941,888,941,1829,613,2,2003,2003,2,9548
408,8,1058,846,1058,1904,736,2,2005,2005,2,10927
409,5,952,0,952,952,840,2,1951,1951,1,7350
410,4,1131,0,907,1131,672,2,1937,2000,1,5925
411,5,1024,564,768,1588,480,2,1955,1967,1,7200
412,7,1539,1134,1043,2673,441,2,1980,1991,2,12388
413,5,1764,0,0,1764,301,1,1957,1982,2,8838
414,8,1220,870,1220,2090,556,2,1995,1996,2,10000
415,8,1276,1336,1225,2612,676,3,1998,1999,2,12203
416,5,720,551,720,1271,312,1,1948,1950,2,21286
417,7,1298,1216,1216,2514,693,2,1990,1991,2,11170
418,4,864,0,864,864,576,2,1971,1971,1,10500
419,5,1803,0,1134,1803,484,2,1957,2000,2,13125
420,6,2422,0,1288,2422,527,2,1954,1994,3,12671
421,5,1056,0,1056,1056,300,1,1955,1955,1,13600
422,5,1308,1778,666,3086,1200,3,1935,2007,3,21281
423,6,736,554,554,1290,200,1,1900,2000,1,5870
424,7,1541,0,1541,1541,843,3,2001,2002,2,13704
425,10,2020,0,2006,2020,900,3,2009,2009,2,12220
426,8,1226,0,1226,1226,484,2,1981,1981,1,3782
427,7,856,854,856,1710,548,2,2003,2003,2,8450
428,7,918,0,852,918,360,1,1975,1975,1,8750
429,9,1668,0,1626,1668,702,3,2002,2002,2,11248
430,4,1126,0,0,1126,520,2,1949,2003,2,8777
431,6,1062,0,1062,1062,297,1,1954,1954,1,8128
432,5,893,0,845,893,576,2,1949,2003,1,9600
433,7,846,748,846,1594,434,2,2004,2004,2,10125
434,4,1055,218,616,1273,275,1,1910,1993,1,11388
435,8,1158,1218,1158,2376,853,3,2005,2006,3,14215
436,7,1368,0,1368,1368,474,2,2005,2006,2,6792
437,6,708,708,708,1416,776,2,1968,1968,2,11700
438,7,530,550,530,1080,496,2,2003,2003,2,4447
439,6,1392,0,1392,1392,576,2,1968,1968,1,13560
440,7,1014,730,996,1744,457,2,1993,2003,2,9453
441,5,1214,0,1214,1214,318,1,1967,1967,2,10355
442,6,760,330,720,1090,240,1,1940,2006,1,6000
443,6,1208,0,1208,1208,546,2,1977,1977,1,11250
444,6,1102,0,988,1102,582,2,1980,1980,1,10464
445,5,1473,0,1437,1473,452,1,1968,2003,1,25095
446,2,723,363,723,1086,400,2,1920,1950,1,11340
447,4,765,0,765,765,200,1,1925,1950,1,5000
448,7,1383,1015,1379,2398,834,3,1996,1997,2,11787
449,5,864,0,864,864,576,2,1972,2000,1,7200
450,7,902,918,864,1820,492,2,1965,1988,1,13700
451,8,1702,0,1702,1702,844,3,2007,2007,2,10130
452,7,1358,0,1358,1358,484,2,2009,2010,2,6371
453,7,1022,752,952,1774,468,2,1931,1950,2,6120
454,7,756,797,756,1553,615,2,2005,2006,2,8125
455,8,972,839,972,1811,565,2,2002,2002,2,8470
456,7,1417,0,1417,1417,511,2,1997,1998,2,8750
457,5,1008,0,1008,1008,308,1,1956,1956,1,6860
458,8,927,988,908,1915,506,2,1992,1992,2,10041
459,5,960,0,960,960,392,1,1959,2000,1,6400
460,6,561,668,561,1229,462,2,1980,1992,1,1488
461,5,1056,0,1056,1056,308,1,1958,1992,1,8176
462,6,660,688,660,1348,453,2,1966,1966,1,7590
463,10,2444,1872,2444,4316,832,3,1994,1995,3,21535
464,4,1196,0,1196,1196,440,2,1916,1990,1,4800
465,7,847,1112,847,1959,434,2,2004,2005,2,11796
466,7,944,815,1449,1759,525,2,1992,1993,2,16698
467,7,1290,871,1257,2161,570,2,2001,2001,2,10400
468,6,752,0,744,752,264,1,1984,1984,1,7175
469,5,816,0,816,816,264,1,1982,1982,1,8314
470,5,884,0,840,884,504,2,1983,1983,1,9180
471,7,1614,0,1614,1614,865,3,2005,2006,2,11210
472,6,707,809,707,1516,409,2,1994,1995,2,8803
473,5,897,0,876,897,264,1,1968,1968,1,8665
474,7,1122,1121,700,2243,746,3,1990,1991,2,13474
475,8,1568,0,1568,1568,564,2,2001,2002,2,7180
476,5,1064,0,864,1064,318,1,1952,1952,1,10950
477,5,780,840,780,1620,462,2,1969,1969,2,10793
478,5,1012,0,816,1012,429,1,1920,1950,1,9800
479,6,1316,0,1316,1316,397,2,2005,2006,2,10237
480,4,845,0,0,845,290,1,1957,1957,1,11500
481,7,993,1243,964,2236,642,2,1997,1997,2,13006
482,5,630,0,630,630,0,0,1970,1970,1,1533
483,7,691,862,691,1553,420,2,1996,1996,2,7875
484,8,1940,1254,965,3194,380,2,1934,1998,2,12168
485,6,1136,0,1136,1136,384,1,1965,1965,1,9200
486,6,848,0,848,848,420,2,2004,2004,1,4438
487,6,1211,0,1211,1211,461,2,1976,1976,2,13068
488,6,1256,0,1145,1256,641,2,2008,2008,1,4217
489,6,861,424,861,1285,506,2,1926,1950,1,7000
490,5,1378,994,994,2372,432,1,1892,1965,2,6600
491,7,1498,0,1498,1498,675,2,2006,2006,2,8990
492,6,1100,1164,1100,2264,408,1,1918,1995,2,7755
493,7,1107,983,1107,2090,484,2,1973,1973,2,10382
494,9,1182,1142,1175,2324,736,3,2005,2006,3,11924
495,7,1414,0,1375,1414,398,2,2004,2004,2,3072
496,5,1212,180,1212,1392,0,0,1915,1950,1,9900
497,5,884,464,884,1348,216,1,1925,1997,1,6000
498,5,1168,800,784,1968,530,2,1969,1969,2,11075
499,4,1149,0,1014,1149,544,1,1960,1971,1,10682
500,6,742,742,742,1484,390,2,2005,2005,2,12589
501,8,1487,1012,392,2499,527,2,1976,1976,2,9600
502,7,1119,0,835,1119,437,2,2004,2005,2,16219
503,6,1199,0,1199,1199,530,2,1993,1993,2,7892
504,6,1846,0,1836,1846,495,2,2006,2006,2,13377
505,5,864,0,864,864,336,1,1978,2005,1,7000
506,8,1549,1178,853,2727,440,2,1932,1994,2,10570
507,6,952,0,952,952,192,1,1916,1950,1,8854
508,5,616,688,264,1304,336,1,1977,1977,1,2665
509,8,1088,871,1088,1959,1025,3,2006,2006,2,9000
510,3,1052,558,972,1610,480,1,1938,1990,2,18600
511,5,765,600,765,1365,440,2,1973,1973,1,2160
512,5,720,588,720,1308,484,2,1969,1969,1,9743
513,5,925,0,912,925,576,2,1965,2005,1,8125
514,2,407,0,407,407,297,1,1946,1950,1,7311
515,6,1580,0,1244,1580,440,2,1959,1959,1,10032
516,5,1292,0,1292,1292,520,2,1964,1964,1,10500
517,7,854,840,569,1694,434,1,1997,1998,2,8314
518,8,1630,0,1622,1630,860,3,2008,2008,2,10226
519,8,1301,1116,1288,2417,462,2,1991,1992,2,16059
520,5,995,0,960,995,264,1,1925,1999,1,6120
521,5,1067,472,927,1539,576,2,1936,1950,1,6120
522,5,1150,686,686,1836,288,1,1900,1950,2,56600
523,5,980,0,980,980,384,1,1967,1967,2,9750
524,7,1455,0,1415,1455,644,3,2003,2003,2,3940
525,9,1943,713,1934,2656,1040,3,2007,2007,2,13641
526,8,1036,0,1036,1036,484,2,1980,1980,1,3640
527,5,1664,0,0,1664,0,0,1965,1965,2,9825
528,5,842,630,702,1472,250,1,1925,1994,1,9600
529,2,599,0,416,599,0,0,1940,1950,1,5400
530,7,836,0,836,836,345,1,1976,1976,1,2104
531,6,698,1048,698,1746,350,3,2006,2007,2,9729
532,6,1103,0,1103,1103,462,2,1974,1974,2,10000
533,7,1222,0,1222,1222,615,2,2010,2010,2,7360
534,5,1052,720,720,2192,240,1,1939,1997,2,8400
535,6,780,595,780,1375,544,1,1937,1950,1,9000
536,4,546,546,546,1092,0,0,1970,1970,1,1526
537,7,1218,943,832,2161,506,2,1950,2000,2,12392
538,5,1022,0,1022,1022,747,2,1994,1994,1,14217
539,6,1337,0,1337,1337,511,2,2001,2001,2,4113
540,6,1052,0,1010,1052,440,2,1971,1971,1,8816
541,4,864,0,864,864,280,1,1970,1970,1,9353
542,4,630,0,630,630,286,1,1970,1970,1,1477
543,6,936,0,920,936,460,2,1996,1997,0,6710
544,7,1175,807,807,1982,575,2,1989,1989,2,11287
545,8,1136,1332,1136,2468,872,3,2004,2004,2,12099
546,7,1108,989,1108,2097,583,2,1998,1998,2,9750
547,5,882,0,720,882,240,1,1952,1952,1,11556
548,6,483,504,483,987,288,1,1972,1972,1,1680
549,8,1582,0,1582,1582,905,3,2007,2007,2,12704
550,5,903,378,756,1281,379,2,1926,1950,1,6120
551,8,1182,1017,1173,2199,516,2,1997,1997,2,9660
552,5,808,0,0,808,164,1,1945,1995,1,6120
553,5,1160,966,1013,2126,538,2,1967,1967,2,28698
554,7,1428,0,1417,1428,554,2,2008,2008,2,12274
555,5,840,0,672,840,0,0,1930,1950,1,4388
556,5,1038,0,1038,1038,264,1,1984,1984,2,3869
557,6,804,744,804,1548,440,2,1976,1976,2,2308
558,6,734,384,648,1118,440,2,1920,1950,1,4400
559,6,1104,697,697,1801,365,2,1930,1959,1,14210
560,5,950,0,950,950,280,1,1971,1971,1,9758
561,7,625,625,625,1250,625,2,2006,2007,2,4017
562,6,1200,0,1200,1200,521,2,1995,1995,2,11249
563,5,1141,0,1141,1141,568,1,1967,1967,1,9600
564,6,1069,0,1069,1069,440,2,1977,1977,2,4043
565,5,938,0,938,938,308,1,1975,1980,1,9200
566,5,1114,0,1114,1114,0,0,2004,2004,1,13072
567,6,1726,0,1726,1726,561,2,2008,2008,2,3830
568,6,832,0,832,832,528,2,1954,1954,1,7227
569,7,628,600,600,1228,215,1,1918,1990,1,7155
570,5,1344,0,1344,1344,686,2,1999,1999,2,11875
571,5,925,0,925,925,252,1,1956,2003,1,8540
572,4,876,0,876,876,320,1,1959,1959,1,6410
573,5,965,0,870,965,580,2,1996,1996,1,11105
574,6,1570,0,1395,1570,441,2,1958,1958,1,13200
575,6,919,0,894,919,195,1,1926,1998,1,7000
576,6,1258,0,1258,1258,528,2,1971,2004,2,11040
577,6,848,0,848,848,420,2,2004,2004,1,4426
578,5,1567,1087,671,2654,638,2,1920,1996,3,16779
579,5,682,548,440,1230,440,2,1910,1981,1,10440
580,5,1254,182,892,1436,1488,4,1922,1950,1,10836
581,5,1360,0,1104,1360,336,1,1969,1979,1,13384
582,7,1700,512,1700,2212,773,3,2005,2006,2,13751
583,5,1022,0,1022,1022,184,1,1922,1950,1,4480
584,6,1374,0,1130,1374,286,1,1964,1964,1,11382
585,6,1261,0,1261,1261,433,2,1958,1958,1,9120
586,5,1155,0,1109,1155,576,2,1961,1995,1,11782
587,4,1120,0,1040,1120,544,2,1961,1961,1,6970
588,8,1838,0,1838,1838,524,2,2007,2008,2,11422
589,7,1492,0,1492,1492,596,2,2002,2002,2,8000
590,5,810,496,240,1306,472,2,1910,2003,1,15660
591,5,796,0,796,796,0,0,1971,1971,1,6723
592,5,1144,0,1144,1144,456,2,1961,1961,1,7875
593,5,988,517,883,1505,240,1,1940,1982,1,9144
594,9,1838,0,1838,1838,765,3,2006,2006,2,14601
595,7,1285,782,752,2067,784,2,1974,1974,2,12732
596,5,884,656,572,1540,0,0,1905,2005,1,6000
597,5,816,0,816,816,816,2,1982,2003,1,6600
598,5,816,0,816,816,516,2,1963,1963,1,8472
599,9,1816,0,1790,1816,730,3,2006,2007,2,12469
600,5,1014,412,966,1426,230,1,1930,1992,1,6240
601,7,944,926,944,1870,608,2,2001,2001,2,11250
602,5,894,0,864,894,440,2,1974,1974,1,11800
603,6,790,784,796,1574,566,2,1976,1976,2,18800
604,7,1500,0,1356,1500,648,3,2006,2006,2,4045
605,5,789,0,768,789,200,1,1926,1950,1,10594
606,5,960,0,960,960,576,2,1955,1955,1,6000
607,4,882,0,882,882,525,2,1970,1970,1,8400
608,6,1212,0,1212,1212,460,2,2009,2009,2,10420
609,5,832,436,832,1268,250,1,1938,1950,1,6300
610,5,585,468,585,1053,0,0,1938,2007,1,12180
611,8,1466,1362,1466,2828,1052,3,2006,2007,3,9965
612,7,1418,0,1418,1418,558,2,1997,1998,2,8696
613,5,1226,0,0,1226,400,2,1951,1951,1,13108
614,6,819,501,768,1320,576,2,1948,1950,2,8064
615,2,800,0,264,800,0,0,1936,1950,1,6120
616,7,1340,0,1340,1340,396,2,2007,2007,2,8899
617,8,1090,1124,1090,2214,646,3,1999,1999,2,10566
618,4,1152,0,0,1152,0,0,1955,1955,2,6882
619,7,774,656,384,1430,400,2,2000,2000,2,7750
620,7,1232,0,1232,1232,632,2,2007,2007,2,7314
621,5,1535,0,0,1535,410,2,1979,1979,2,7018
622,5,1136,768,1208,1904,240,1,1950,1982,1,7200
623,5,890,0,890,890,308,1,1968,1968,1,8450
624,6,728,728,728,1456,308,1,1915,2005,1,6000
625,5,2020,0,0,2020,630,2,1977,1977,2,8400
626,7,738,738,738,1476,552,2,2007,2007,2,8145
627,5,1065,0,1065,1065,461,2,1960,1960,1,8892
628,8,2522,0,2208,2522,564,2,2004,2005,2,7296
629,6,1131,0,1131,1131,0,0,2005,2006,1,13072
630,5,1102,1075,1032,2177,484,2,1950,1991,2,15600
631,6,1699,748,804,2447,336,1,1919,1990,2,9638
632,5,864,0,864,864,338,1,1972,1972,1,15523
633,3,864,0,864,864,200,1,1914,1950,1,8212
634,5,754,640,384,1394,400,2,2006,2007,2,9735
635,6,756,756,756,1512,440,2,2000,2000,2,2980
636,6,970,739,970,1709,380,2,2004,2006,2,2522
637,6,1444,0,1444,1444,473,2,1976,1976,2,10400
638,5,1248,0,1248,1248,286,1,1960,1960,1,10800
639,5,958,581,650,1539,686,2,1904,2002,2,10440
640,9,1620,0,1620,1620,912,3,2007,2008,2,12898
641,5,860,0,840,860,528,2,1982,1982,1,8740
642,6,1468,0,1468,1468,528,2,2005,2005,2,10440
643,8,1571,0,1571,1571,722,3,2007,2007,2,10991
644,6,1082,0,973,1082,480,2,1969,1969,1,8723
645,4,641,0,641,641,272,1,1925,1950,1,7030
646,8,1284,885,1284,2169,647,2,2002,2002,2,9375
647,7,696,720,696,1416,484,2,1999,1999,2,2572
648,6,1072,0,547,1072,525,2,2005,2005,1,3675
649,6,892,783,841,1675,502,2,1999,1999,2,24682
650,5,1175,0,1175,1175,484,2,1960,1960,1,7635
651,5,833,0,833,833,326,1,1954,2000,1,5400
652,5,1048,0,993,1048,280,1,1922,1950,1,6380
653,6,1054,0,1054,1054,460,2,1969,1969,1,9750
654,3,720,0,0,720,287,1,1949,1950,1,6627
655,6,774,821,663,1595,528,2,1915,1950,2,7200
656,7,847,1081,847,1928,434,2,2003,2004,2,8200
657,6,972,972,972,1944,324,2,1910,1950,2,10307
658,7,1223,904,1223,2127,525,2,1994,1994,2,10944
659,6,1382,0,1362,1382,884,2,1962,1962,1,19296
660,6,1032,0,1032,1032,564,2,1978,1978,2,10395
661,6,1105,717,1105,1822,515,2,1984,1984,2,23920
662,6,1740,0,1740,1740,512,2,1968,1968,1,11050
663,7,1468,795,795,2263,539,2,1977,1994,2,16659
664,9,1850,898,1850,2748,850,3,2006,2006,2,13418
665,7,1308,568,1308,1876,848,3,2005,2006,2,11003
666,5,1929,532,1140,2461,400,2,1952,2002,2,9724
667,6,960,960,960,1920,480,2,1930,1950,2,7804
668,5,1224,0,1224,1224,576,2,1960,1996,1,20000
669,8,2000,0,2000,2000,888,3,2004,2005,2,10386
670,8,1372,0,1363,1372,588,2,2007,2008,2,8640
671,7,1376,1629,1376,3005,704,3,2004,2005,2,2880
672,7,975,780,975,1755,524,2,1991,2008,2,11949
673,5,1144,594,1024,1738,240,1,1935,1950,2,7010
674,5,970,0,912,970,0,0,1992,1992,1,10441
675,5,1086,0,1086,1086,490,2,1954,2003,1,10200
676,5,1148,568,768,1716,281,1,1949,2008,1,11409
677,4,546,546,546,1092,286,1,1973,1973,1,1974
678,6,940,610,817,1550,318,1,1920,1950,1,21780
679,5,780,0,780,780,352,1,1972,1972,1,7200
680,8,1779,772,1779,2551,925,3,1997,1998,2,12191
681,7,1610,0,1124,1610,515,2,1972,1987,2,11358
682,6,961,683,941,1644,460,2,1999,2000,2,9649
683,8,1574,0,1574,1574,824,3,2006,2006,2,11957
684,6,920,900,864,1820,492,2,1993,1997,2,11613
685,6,930,715,715,1645,441,2,1971,1971,1,9600
686,6,1679,0,1408,1679,575,2,1994,1998,2,8125
687,9,2000,0,1910,2000,722,3,2005,2005,2,18261
688,5,1112,0,1112,1112,390,1,1954,1954,1,9100
689,6,941,896,941,1837,688,2,1997,1998,2,8304
690,3,792,0,792,792,366,1,1958,1958,1,5470
691,5,912,0,912,912,315,1,1966,1966,1,8169
692,7,1530,0,1530,1530,430,2,2005,2005,2,16158
693,6,1012,0,1012,1012,308,1,1920,1950,1,8263
694,7,1453,0,1453,1453,445,2,1986,1986,1,5271
695,6,1177,0,1153,1177,495,2,1984,1984,2,11850
696,7,846,846,846,1692,650,2,2009,2009,2,13159
697,8,1544,814,1524,2358,784,3,2005,2006,2,11643
698,5,864,0,864,864,0,0,1975,1975,1,9350
699,8,1668,0,1657,1668,502,2,2003,2003,2,10635
700,6,848,0,848,848,420,2,2004,2004,1,4438
701,4,1132,0,1132,1132,451,2,2005,2005,1,7024
702,6,964,918,0,1882,612,2,1981,1981,2,8250
703,5,896,0,882,896,730,1,1961,1961,1,11622
704,7,2362,0,2002,2362,546,2,1980,1980,2,12000
705,7,2110,0,2110,2110,522,2,1968,1968,2,11160
706,6,1062,0,1029,1062,539,2,1976,1976,1,11333
707,5,1268,0,1268,1268,244,1,1954,1954,1,7800
708,4,1005,0,1005,1005,672,2,1955,1955,1,10434
709,9,1698,0,1698,1698,730,3,2005,2005,2,11520
710,7,1553,0,1553,1553,588,2,2003,2004,2,8736
711,4,736,716,736,1452,0,0,1920,2008,2,4456
712,5,1216,0,1056,1216,280,1,1951,1951,1,9600
713,5,1096,0,1096,1096,299,1,1969,1969,1,15870
714,5,832,378,672,1210,240,1,1941,2006,1,5000
715,6,1307,1051,907,2358,360,2,1908,1997,3,45600
716,7,1238,1281,1210,2519,628,2,1989,1990,2,26178
717,8,983,756,970,1739,480,2,1999,2000,2,2645
718,6,1661,0,992,1661,377,1,1955,1996,1,9600
719,7,2039,0,929,2039,791,3,1941,1963,1,21299
720,7,1436,0,1436,1436,484,2,2004,2004,2,8450
721,8,1053,939,1053,1992,648,2,2003,2004,2,9375
722,5,985,0,985,985,328,1,1977,1977,2,8385
723,5,630,672,630,1302,264,1,1972,1972,2,1680
724,8,1145,1053,1145,2198,836,3,2000,2000,2,14260
725,5,1392,0,1441,1392,650,3,2002,2002,2,10000
726,7,1411,0,1386,1411,544,2,1977,1977,2,11900
727,5,1043,0,938,1043,273,1,1947,1950,1,9724
728,8,1618,0,1618,1618,880,3,2004,2004,2,16163
729,4,761,380,570,1141,252,1,1900,1950,1,5925
730,8,1314,0,1300,1314,552,2,2009,2009,2,8640
731,6,962,830,936,1792,451,2,2000,2000,2,10261
732,8,1068,1116,1068,2184,570,2,2003,2003,2,12334
733,6,1004,0,975,1004,504,2,1977,1977,1,10530
734,5,1797,0,1617,1797,963,3,1957,1957,1,11765
735,5,796,566,796,1362,480,2,1993,1995,1,14115
736,5,904,595,904,1499,869,3,1946,1950,1,9000
737,6,735,660,723,1395,497,2,1972,1972,1,12936
738,6,1068,0,1059,1068,264,1,1963,2003,1,8414
739,5,1206,0,1206,1206,312,1,1959,1959,1,10725
740,7,1494,0,1494,1494,530,2,2002,2002,2,12803
741,5,1088,780,780,1868,484,2,1976,1976,2,10304
742,5,1526,0,1216,1526,364,1,1957,2002,1,8562
743,5,1060,185,1008,1245,315,1,1920,1962,1,8239
744,6,680,790,680,1470,420,2,1993,1993,2,9765
745,5,2071,0,825,2071,336,1,1956,1956,1,15584
746,7,892,800,878,1692,513,2,1997,1998,2,9337
747,6,1403,1008,1008,2411,570,2,1970,1970,2,8000
748,6,818,406,818,1224,210,1,1926,2004,1,3950
749,8,2028,0,1868,2028,880,3,2005,2006,2,11443
750,8,1696,0,1696,1696,972,3,2008,2008,2,11194
751,5,1226,442,1212,1668,240,1,1948,1950,1,9600
752,6,855,601,855,1456,440,2,1978,1978,2,2280
753,6,1445,0,1127,1445,645,2,1964,1964,1,12095
754,4,1040,0,1064,1040,648,2,1963,1963,1,25286
755,6,672,546,672,1218,264,1,1973,1973,1,2058
756,9,2552,0,2552,2552,932,3,2007,2007,2,13891
757,4,671,378,356,1049,195,1,1910,2000,1,5150
758,5,734,674,734,1408,489,2,2005,2006,2,7023
759,8,1324,0,1324,1324,550,2,2006,2006,2,6240
760,6,926,0,902,926,351,1,1977,1977,1,9750
761,7,1044,1054,1040,2098,621,2,1997,1997,2,9375
762,4,1382,0,1051,1382,459,2,1963,1979,1,11235
763,6,1839,0,1477,1839,416,2,1957,2004,2,14442
764,6,1242,742,1242,1984,360,1,1910,1983,2,8094
765,8,1960,0,1728,1960,714,3,2005,2006,2,13618
766,7,958,670,384,1628,390,2,1996,1997,2,8400
767,7,1190,0,1169,1190,578,2,2005,2005,2,8769
768,8,1482,780,1482,2262,749,3,2003,2003,2,12244
769,6,1190,0,1181,1190,430,2,1993,1993,2,7250
770,7,1127,886,1117,2013,455,2,1996,1997,2,9920
771,7,1472,0,0,1472,484,2,1959,1959,2,11650
772,5,1728,0,1728,1728,352,1,1964,1964,2,10624
773,6,2117,0,1205,2117,550,2,1970,1970,2,12925
774,5,932,442,884,1374,225,1,1938,1950,1,9260
775,5,1625,0,1625,1625,484,2,1965,1965,2,9750
776,7,796,816,796,1612,666,3,2008,2008,2,12018
777,6,958,0,958,958,301,1,1960,1998,1,12772
778,4,997,473,941,1470,548,1,1954,1972,2,8172
779,5,1296,1296,1296,2592,0,0,1923,1950,2,10890
780,6,756,756,756,1512,440,2,2000,2000,2,2117
781,9,1390,1405,1390,2795,660,3,2005,2006,3,15922
782,5,596,596,596,1192,189,1,1920,1950,1,6402
783,5,768,0,768,768,396,1,1972,2003,1,7200
784,4,774,456,747,1230,305,1,1946,1950,1,4712
785,5,1383,0,1383,1383,354,1,1954,1954,1,13284
786,8,1651,0,1643,1651,870,3,2007,2007,2,9178
787,6,516,516,516,1032,462,2,1980,1980,1,1879
788,7,1518,631,1434,2149,670,2,2003,2003,1,12822
789,5,1440,0,1248,1440,480,1,1959,1998,2,9840
790,7,1173,0,1053,1173,528,2,1974,1974,2,10625
791,7,1654,0,1654,1654,900,3,2002,2002,2,8125
792,6,1298,0,1298,1298,403,2,1985,1985,2,11200
793,8,1251,1098,1231,2349,762,3,1993,1993,2,13143
794,5,1675,0,1422,1675,365,1,1959,1959,2,15263
795,8,1295,0,1057,1295,571,2,1978,1998,1,3840
796,8,1020,0,1004,1020,509,2,1988,1988,1,3907
797,7,1502,0,1502,1502,644,2,2009,2009,2,9541
798,7,1604,0,1604,1604,660,2,2006,2006,2,8814
799,7,1085,845,780,1930,481,2,1979,1979,2,11339
800,5,1339,0,1029,1339,294,1,1958,1965,1,7560
801,6,984,0,984,984,308,1,1930,1950,1,7200
802,7,774,656,384,1430,410,2,1999,1999,2,7848
803,4,942,942,707,1884,0,0,1907,1950,1,6449
804,7,1082,1240,1035,2322,617,3,2006,2006,3,12104
805,5,1015,0,768,1015,450,1,1925,1950,1,6120
806,5,949,0,949,949,370,2,1924,2003,1,6000
807,7,728,728,728,1456,390,2,2005,2005,2,10928
808,6,672,644,644,1316,369,1,1926,1950,1,8969
809,5,864,0,864,864,624,2,1958,1958,1,9100
810,5,1144,0,1169,1144,286,1,1956,1956,1,8760
811,8,1305,1189,1290,2494,803,3,1994,1995,2,10236
812,6,672,714,672,1386,440,2,1978,1978,2,11616
813,5,1728,0,1728,1728,0,0,1962,2001,2,13260
814,7,1358,0,1350,1358,484,2,2007,2008,2,7301
815,7,1372,0,1372,1372,529,2,2007,2008,2,8640
816,6,1906,0,1310,1906,576,2,1954,1954,1,17500
817,4,1047,0,641,1047,273,1,1885,1995,1,10800
818,4,960,0,960,960,432,1,1965,1965,1,10921
819,6,698,702,676,1400,465,2,1986,1986,2,10274
820,6,1388,0,1388,1388,522,2,1968,1968,2,12000
821,5,894,0,894,894,384,1,1966,1966,1,7094
822,9,1827,959,1848,2786,636,2,1993,1994,2,11025
823,4,1084,867,938,1951,576,2,1900,1950,2,7745
824,7,684,720,672,1404,462,2,1999,2000,2,2160
825,7,1187,530,1156,1717,400,2,1990,1991,2,13758
826,9,2036,604,2036,2640,792,3,2006,2006,3,13162
827,5,1118,0,1118,1118,264,1,1960,2000,1,11332
828,6,1728,0,1728,1728,574,2,1976,1976,2,12640
829,5,1232,0,1232,1232,490,2,1966,1966,1,9600
830,7,1145,0,1145,1145,397,2,2005,2006,2,3182
831,6,1383,0,1383,1383,292,1,1960,1960,1,11600
832,8,1828,0,1822,1828,523,2,2002,2003,2,12782
833,8,1342,0,1342,1342,550,2,2006,2007,2,6240
834,6,1091,0,1091,1091,344,1,1951,1951,1,7801
835,5,984,0,984,984,384,1,1963,1963,1,9100
836,8,1826,0,1814,1826,758,3,2005,2006,2,11302
837,5,1154,0,864,1154,336,1,1953,2006,1,11556
838,5,971,0,971,971,300,1,1969,1969,1,9920
839,5,1051,0,1051,1051,264,1,1966,1966,1,9759
840,7,1165,896,1165,2061,498,2,1974,1974,2,9600
841,7,764,862,764,1626,474,2,2003,2004,2,2268
842,7,1332,192,1332,1524,586,2,1979,1979,0,23595
843,5,936,0,936,936,384,1,1967,1967,1,9825
844,6,646,662,635,1308,497,2,1997,2006,2,10021
845,6,1295,0,1295,1295,528,2,1968,1968,1,11700
846,7,2207,0,1947,2207,576,2,1970,1989,2,19900
847,7,932,920,900,1852,644,2,2009,2009,2,8640
848,6,516,516,516,1032,452,2,1980,1980,1,1733
849,6,1282,0,995,1282,672,3,1978,1978,2,10385
850,6,1204,0,1204,1204,412,2,1998,1998,2,4500
851,6,1342,0,1372,1342,457,2,1967,1967,2,9790
852,6,864,0,864,864,288,1,1959,1959,1,7332
853,5,943,0,943,943,600,2,1979,1979,1,7032
854,6,1163,511,1163,1674,396,2,1918,1950,2,21780
855,3,840,765,840,1605,379,1,1915,1950,2,5790
856,8,1478,0,1418,1478,495,2,1998,1998,2,7380
857,4,630,0,630,630,286,1,1970,2002,1,1526
858,7,840,828,840,1668,500,2,2003,2003,2,11317
859,5,833,0,833,833,0,0,1985,1985,1,8780
860,9,1944,0,1896,1944,708,3,2003,2004,2,12378
861,7,767,0,723,767,367,1,1998,1998,1,4058
862,5,765,600,765,1365,440,2,1970,1970,1,2368
863,5,1313,0,1313,1313,610,2,1961,1995,1,9350
864,5,1229,0,1094,1229,672,2,1979,1979,0,7040
865,7,840,885,840,1725,550,2,2002,2002,2,8749
866,6,1491,0,1491,1491,571,2,1996,1996,2,7777
867,7,1190,900,1190,2090,577,2,1984,1984,2,5062
868,5,1216,1216,1216,2432,616,2,1985,1986,4,7700
869,5,1582,0,1624,1582,390,2,1964,1964,2,36500
870,7,1530,0,1530,1530,630,3,2004,2004,2,14572
871,8,2046,0,2046,2046,834,3,2008,2008,2,11844
872,7,1390,0,1390,1390,545,2,2003,2003,2,8810
873,6,1084,793,1084,1877,488,2,1974,1974,2,8000
874,6,1104,884,1104,1988,480,2,1966,1999,2,14670
875,5,1211,0,952,1211,322,1,1968,1968,1,8250
876,4,864,0,864,864,528,2,1971,1971,1,9000
877,5,925,0,923,925,390,1,1955,1955,1,8400
